{
  "detector_name": "LatencyDetector",
  "detector_type": "",
  "evaluation_date": "2026-02-03T13:40:06.539967",
  "accuracy": {
    "precision": 0.0,
    "recall": 0.0,
    "f1_score": 0.0,
    "true_positives": 0,
    "false_positives": 1,
    "true_negatives": 0,
    "false_negatives": 3
  },
  "reliability": {
    "stability_score": 1,
    "reproducibility_score": 1.0,
    "robustness_score": 1.0
  },
  "timeliness": {
    "detection_delay_days": 3.5,
    "processing_time_ms": 174.25274848937988,
    "min_data_days": 7
  },
  "interpretability": {
    "transparency_score": 1.0,
    "readability_score": 1.0,
    "actionability_score": 1.0
  },
  "business_value": {
    "estimated_savings_usd": 3.864199413489737,
    "improvement_potential": 0.0,
    "user_satisfaction": 0.7
  },
  "overall_score": 47.55188092296259,
  "grade": "F",
  "details": {
    "suggestions": [
      "\u964d\u4f4e\u8bef\u62a5\u7387\uff1a\u8003\u8651\u63d0\u9ad8\u68c0\u6d4b\u9608\u503c\u6216\u589e\u52a0\u786e\u8ba4\u6761\u4ef6",
      "\u63d0\u9ad8\u53ec\u56de\u7387\uff1a\u8003\u8651\u964d\u4f4e\u68c0\u6d4b\u9608\u503c\u6216\u589e\u52a0\u654f\u611f\u5ea6",
      "\u63d0\u5347\u4e1a\u52a1\u4ef7\u503c\uff1a\u68c0\u6d4b\u5230\u7684\u95ee\u9898\u5f71\u54cd\u8f83\u5c0f\uff0c\u8003\u8651\u8c03\u6574\u68c0\u6d4b\u76ee\u6807"
    ],
    "label_method": "provided",
    "label_count": 3
  }
}