{
  "iteration": 9,
  "detectors": {
    "LatencyDetector": {
      "precision": 0.95,
      "recall": 0.8558558558558559,
      "f1_score": 0.9004739336492892,
      "avg_score": 83.98699606425556,
      "total_tp": 95,
      "total_fp": 5,
      "total_fn": 16
    },
    "FatigueDetector": {
      "precision": 1.0,
      "recall": 0.5409836065573771,
      "f1_score": 0.7021276595744682,
      "avg_score": 50.20586217243771,
      "total_tp": 66,
      "total_fp": 0,
      "total_fn": 56
    },
    "DarkHoursDetector": {
      "precision": 0.945054945054945,
      "recall": 0.6277372262773723,
      "f1_score": 0.7543859649122806,
      "avg_score": 65.94152765107347,
      "total_tp": 86,
      "total_fp": 5,
      "total_fn": 51
    }
  },
  "summary": {
    "best_detector": "LatencyDetector",
    "best_f1_score": 0.9004739336492892,
    "most_conservative": "FatigueDetector (100% precision, 54.1% recall)",
    "most_balanced": "DarkHoursDetector (94.51% precision, 62.77% recall)"
  }
}