{
  "iteration": 9,
  "detector": "FatigueDetector",
  "baseline": {
    "precision": 1.0,
    "recall": 0.2777777777777778,
    "f1_score": 0.4347826086956522,
    "tp": 20,
    "fp": 0,
    "fn": 52
  },
  "best_config": "Config 4",
  "best_results": {
    "precision": 0.8780487804878049,
    "recall": 0.5,
    "f1_score": 0.6371681415929205,
    "tp": 36,
    "fp": 5,
    "fn": 36
  },
  "all_configs": {
    "Baseline": {
      "precision": 1.0,
      "recall": 0.2777777777777778,
      "f1_score": 0.4347826086956522,
      "tp": 20,
      "fp": 0,
      "fn": 52
    },
    "Config 1": {
      "precision": 0.9642857142857143,
      "recall": 0.375,
      "f1_score": 0.5399999999999999,
      "tp": 27,
      "fp": 1,
      "fn": 45
    },
    "Config 2": {
      "precision": 1.0,
      "recall": 0.2777777777777778,
      "f1_score": 0.4347826086956522,
      "tp": 20,
      "fp": 0,
      "fn": 52
    },
    "Config 3": {
      "precision": 0.8787878787878788,
      "recall": 0.4027777777777778,
      "f1_score": 0.5523809523809524,
      "tp": 29,
      "fp": 4,
      "fn": 43
    },
    "Config 4": {
      "precision": 0.8780487804878049,
      "recall": 0.5,
      "f1_score": 0.6371681415929205,
      "tp": 36,
      "fp": 5,
      "fn": 36
    },
    "Config 5": {
      "precision": 0.8780487804878049,
      "recall": 0.5,
      "f1_score": 0.6371681415929205,
      "tp": 36,
      "fp": 5,
      "fn": 36
    }
  }
}