{
  "iteration": 7,
  "detector": "DarkHoursDetector",
  "total_windows": 10,
  "aggregated_metrics": {
    "precision": 0.945054945054945,
    "recall": 0.6277372262773723,
    "f1_score": 0.7543859649122806,
    "total_tp": 86,
    "total_fp": 5,
    "total_fn": 51,
    "avg_score": 65.94152765107347,
    "min_score": 59.34888260705131,
    "max_score": 70.77592624936784
  }
}